{
  "version": 2,
  "builds": [
    {
      "src": "package.json",
      "use": "@vercel/next"
    }
  ],
  "routes": [
    {
      "src": "/(.*)",
      "dest": "/$1"
    }
  ],
  "env": {
    "FIREBASE_API_KEY": "AIzaSyBmVAM_eiLrR7UmJwOFk2CxzlQQl-yCB2A",
    "FIREBASE_AUTH_DOMAIN": "fashion-app-mvp-demo.firebaseapp.com",
    "FIREBASE_PROJECT_ID": "fashion-app-mvp-demo",
    "FIREBASE_STORAGE_BUCKET": "fashion-app-mvp-demo.appspot.com",
    "FIREBASE_MESSAGING_SENDER_ID": "123456789012",
    "FIREBASE_APP_ID": "1:123456789012:web:abcdef1234567890abcdef"
  }
}
