{"version":1,"config":{"env":{},"webpack":null,"webpackDevMiddleware":null,"eslint":{"ignoreDuringBuilds":false},"typescript":{"ignoreBuildErrors":false,"tsconfigPath":"tsconfig.json"},"distDir":".next","cleanDistDir":true,"assetPrefix":"","configOrigin":"next.config.js","useFileSystemPublicRoutes":true,"generateEtags":true,"pageExtensions":["tsx","ts","jsx","js"],"target":"server","poweredByHeader":true,"compress":true,"analyticsId":"","images":{"deviceSizes":[640,750,828,1080,1200,1920,2048,3840],"imageSizes":[16,32,48,64,96,128,256,384],"path":"/_next/image/","loader":"default","domains":["via.placeholder.com","firebasestorage.googleapis.com"],"disableStaticImages":false,"minimumCacheTTL":60,"formats":["image/webp"],"dangerouslyAllowSVG":false,"contentSecurityPolicy":"script-src 'none'; frame-src 'none'; sandbox;","remotePatterns":[],"unoptimized":true},"devIndicators":{"buildActivity":true,"buildActivityPosition":"bottom-right"},"onDemandEntries":{"maxInactiveAge":15000,"pagesBufferLength":2},"amp":{"canonicalBase":""},"basePath":"","sassOptions":{},"trailingSlash":true,"i18n":null,"productionBrowserSourceMaps":false,"optimizeFonts":true,"excludeDefaultMomentLocales":true,"serverRuntimeConfig":{},"publicRuntimeConfig":{},"reactStrictMode":true,"httpAgentOptions":{"keepAlive":true},"outputFileTracing":true,"staticPageGenerationTimeout":60,"swcMinify":false,"experimental":{"optimisticClientCache":true,"manualClientBasePath":false,"legacyBrowsers":true,"browsersListForSwc":false,"newNextLinkBehavior":false,"cpus":3,"sharedPool":true,"profiling":false,"isrFlushToDisk":true,"workerThreads":false,"pageEnv":false,"optimizeCss":false,"nextScriptWorkers":false,"scrollRestoration":false,"externalDir":false,"disableOptimizedLoading":false,"gzipSize":true,"swcFileReading":true,"craCompat":false,"esmExternals":true,"appDir":false,"isrMemoryCacheSize":52428800,"serverComponents":false,"fullySpecified":false,"outputFileTracingRoot":"","swcTraceProfiling":false,"forceSwcTransforms":false,"largePageDataBytes":128000,"adjustFontFallbacks":false,"trustHostHeader":false},"configFileName":"next.config.js"},"appDir":"/home/ubuntu/fashion-app","files":[".next/routes-manifest.json",".next/server/pages-manifest.json",".next/build-manifest.json",".next/prerender-manifest.json",".next/server/middleware-manifest.json",".next/react-loadable-manifest.json",".next/server/font-manifest.json",".next/BUILD_ID"],"ignore":["node_modules/next/dist/compiled/@ampproject/toolbox-optimizer/**/*"]}